n_tasks,n_train,seed,in_Agnostic,in_Concat,in_FiLM,in_Oracle,in_Naive,ood_Agnostic,ood_Concat,ood_FiLM,ood_Oracle,ood_Naive
5,100,0,21.091166320246412,18.298191755600488,16.727588572883562,6.108158111969471,101.13587731049236,23.750981233321713,23.530901888669096,20.234075474197212,5.892445234240646,141.6128616616451
